person_id,name,sex,date of birth,dob_str,dob_yyyymmdd,dob_ddmmyyyy,birthday_list,birthday_string_list
119,Florence Mulhern,female,1959-05-31,1959-05-31,1.9590532e+07,31051959,"[datetime.date(1959, 5, 31), datetime.date(1960, 5, 31), datetime.date(1961, 5, 31), datetime.date(1962, 5, 31), datetime.date(1963, 5, 31), datetime.date(1964, 5, 31), datetime.date(1965, 5, 31), datetime.date(1966, 5, 31), datetime.date(1967, 5, 31), datetime.date(1968, 5, 31), datetime.date(1969, 5, 31), datetime.date(1970, 5, 31), datetime.date(1971, 5, 31), datetime.date(1972, 5, 31), datetime.date(1973, 5, 31), datetime.date(1974, 5, 31), datetime.date(1975, 5, 31), datetime.date(1976, 5, 31), datetime.date(1977, 5, 31), datetime.date(1978, 5, 31), datetime.date(1979, 5, 31), datetime.date(1980, 5, 31), datetime.date(1981, 5, 31), datetime.date(1982, 5, 31), datetime.date(1983, 5, 31), datetime.date(1984, 5, 31), datetime.date(1985, 5, 31), datetime.date(1986, 5, 31), datetime.date(1987, 5, 31), datetime.date(1988, 5, 31), datetime.date(1989, 5, 31), datetime.date(1990, 5, 31), datetime.date(1991, 5, 31), datetime.date(1992, 5, 31), datetime.date(1993, 5, 31), datetime.date(1994, 5, 31), datetime.date(1995, 5, 31), datetime.date(1996, 5, 31), datetime.date(1997, 5, 31), datetime.date(1998, 5, 31), datetime.date(1999, 5, 31), datetime.date(2000, 5, 31), datetime.date(2001, 5, 31), datetime.date(2002, 5, 31), datetime.date(2003, 5, 31), datetime.date(2004, 5, 31), datetime.date(2005, 5, 31), datetime.date(2006, 5, 31), datetime.date(2007, 5, 31), datetime.date(2008, 5, 31), datetime.date(2009, 5, 31), datetime.date(2010, 5, 31), datetime.date(2011, 5, 31), datetime.date(2012, 5, 31), datetime.date(2013, 5, 31), datetime.date(2014, 5, 31), datetime.date(2015, 5, 31), datetime.date(2016, 5, 31), datetime.date(2017, 5, 31), datetime.date(2018, 5, 31), datetime.date(2019, 5, 31), datetime.date(2020, 5, 31), datetime.date(2021, 5, 31), datetime.date(2022, 5, 31), datetime.date(2023, 5, 31), datetime.date(2024, 5, 31), datetime.date(2025, 5, 31)]","['119|Florence Mulhern|female|19590531', '119|Florence Mulhern|female|19600531', '119|Florence Mulhern|female|19610531', '119|Florence Mulhern|female|19620531', '119|Florence Mulhern|female|19630531', '119|Florence Mulhern|female|19640531', '119|Florence Mulhern|female|19650531', '119|Florence Mulhern|female|19660531', '119|Florence Mulhern|female|19670531', '119|Florence Mulhern|female|19680531', '119|Florence Mulhern|female|19690531', '119|Florence Mulhern|female|19700531', '119|Florence Mulhern|female|19710531', '119|Florence Mulhern|female|19720531', '119|Florence Mulhern|female|19730531', '119|Florence Mulhern|female|19740531', '119|Florence Mulhern|female|19750531', '119|Florence Mulhern|female|19760531', '119|Florence Mulhern|female|19770531', '119|Florence Mulhern|female|19780531', '119|Florence Mulhern|female|19790531', '119|Florence Mulhern|female|19800531', '119|Florence Mulhern|female|19810531', '119|Florence Mulhern|female|19820531', '119|Florence Mulhern|female|19830531', '119|Florence Mulhern|female|19840531', '119|Florence Mulhern|female|19850531', '119|Florence Mulhern|female|19860531', '119|Florence Mulhern|female|19870531', '119|Florence Mulhern|female|19880531', '119|Florence Mulhern|female|19890531', '119|Florence Mulhern|female|19900531', '119|Florence Mulhern|female|19910531', '119|Florence Mulhern|female|19920531', '119|Florence Mulhern|female|19930531', '119|Florence Mulhern|female|19940531', '119|Florence Mulhern|female|19950531', '119|Florence Mulhern|female|19960531', '119|Florence Mulhern|female|19970531', '119|Florence Mulhern|female|19980531', '119|Florence Mulhern|female|19990531', '119|Florence Mulhern|female|20000531', '119|Florence Mulhern|female|20010531', '119|Florence Mulhern|female|20020531', '119|Florence Mulhern|female|20030531', '119|Florence Mulhern|female|20040531', '119|Florence Mulhern|female|20050531', '119|Florence Mulhern|female|20060531', '119|Florence Mulhern|female|20070531', '119|Florence Mulhern|female|20080531', '119|Florence Mulhern|female|20090531', '119|Florence Mulhern|female|20100531', '119|Florence Mulhern|female|20110531', '119|Florence Mulhern|female|20120531', '119|Florence Mulhern|female|20130531', '119|Florence Mulhern|female|20140531', '119|Florence Mulhern|female|20150531', '119|Florence Mulhern|female|20160531', '119|Florence Mulhern|female|20170531', '119|Florence Mulhern|female|20180531', '119|Florence Mulhern|female|20190531', '119|Florence Mulhern|female|20200531', '119|Florence Mulhern|female|20210531', '119|Florence Mulhern|female|20220531', '119|Florence Mulhern|female|20230531', '119|Florence Mulhern|female|20240531', '119|Florence Mulhern|female|20250531']"
108,Leonard Cavender,male,1958-08-08,1958-08-08,1.9580808e+07,8081958,"[datetime.date(1958, 8, 8), datetime.date(1959, 8, 8), datetime.date(1960, 8, 8), datetime.date(1961, 8, 8), datetime.date(1962, 8, 8), datetime.date(1963, 8, 8), datetime.date(1964, 8, 8), datetime.date(1965, 8, 8), datetime.date(1966, 8, 8), datetime.date(1967, 8, 8), datetime.date(1968, 8, 8), datetime.date(1969, 8, 8), datetime.date(1970, 8, 8), datetime.date(1971, 8, 8), datetime.date(1972, 8, 8), datetime.date(1973, 8, 8), datetime.date(1974, 8, 8), datetime.date(1975, 8, 8), datetime.date(1976, 8, 8), datetime.date(1977, 8, 8), datetime.date(1978, 8, 8), datetime.date(1979, 8, 8), datetime.date(1980, 8, 8), datetime.date(1981, 8, 8), datetime.date(1982, 8, 8), datetime.date(1983, 8, 8), datetime.date(1984, 8, 8), datetime.date(1985, 8, 8), datetime.date(1986, 8, 8), datetime.date(1987, 8, 8), datetime.date(1988, 8, 8), datetime.date(1989, 8, 8), datetime.date(1990, 8, 8), datetime.date(1991, 8, 8), datetime.date(1992, 8, 8), datetime.date(1993, 8, 8), datetime.date(1994, 8, 8), datetime.date(1995, 8, 8), datetime.date(1996, 8, 8), datetime.date(1997, 8, 8), datetime.date(1998, 8, 8), datetime.date(1999, 8, 8), datetime.date(2000, 8, 8), datetime.date(2001, 8, 8), datetime.date(2002, 8, 8), datetime.date(2003, 8, 8), datetime.date(2004, 8, 8), datetime.date(2005, 8, 8), datetime.date(2006, 8, 8), datetime.date(2007, 8, 8), datetime.date(2008, 8, 8), datetime.date(2009, 8, 8), datetime.date(2010, 8, 8), datetime.date(2011, 8, 8), datetime.date(2012, 8, 8), datetime.date(2013, 8, 8), datetime.date(2014, 8, 8), datetime.date(2015, 8, 8), datetime.date(2016, 8, 8), datetime.date(2017, 8, 8), datetime.date(2018, 8, 8), datetime.date(2019, 8, 8), datetime.date(2020, 8, 8), datetime.date(2021, 8, 8), datetime.date(2022, 8, 8), datetime.date(2023, 8, 8), datetime.date(2024, 8, 8)]","['108|Leonard Cavender|male|19580808', '108|Leonard Cavender|male|19590808', '108|Leonard Cavender|male|19600808', '108|Leonard Cavender|male|19610808', '108|Leonard Cavender|male|19620808', '108|Leonard Cavender|male|19630808', '108|Leonard Cavender|male|19640808', '108|Leonard Cavender|male|19650808', '108|Leonard Cavender|male|19660808', '108|Leonard Cavender|male|19670808', '108|Leonard Cavender|male|19680808', '108|Leonard Cavender|male|19690808', '108|Leonard Cavender|male|19700808', '108|Leonard Cavender|male|19710808', '108|Leonard Cavender|male|19720808', '108|Leonard Cavender|male|19730808', '108|Leonard Cavender|male|19740808', '108|Leonard Cavender|male|19750808', '108|Leonard Cavender|male|19760808', '108|Leonard Cavender|male|19770808', '108|Leonard Cavender|male|19780808', '108|Leonard Cavender|male|19790808', '108|Leonard Cavender|male|19800808', '108|Leonard Cavender|male|19810808', '108|Leonard Cavender|male|19820808', '108|Leonard Cavender|male|19830808', '108|Leonard Cavender|male|19840808', '108|Leonard Cavender|male|19850808', '108|Leonard Cavender|male|19860808', '108|Leonard Cavender|male|19870808', '108|Leonard Cavender|male|19880808', '108|Leonard Cavender|male|19890808', '108|Leonard Cavender|male|19900808', '108|Leonard Cavender|male|19910808', '108|Leonard Cavender|male|19920808', '108|Leonard Cavender|male|19930808', '108|Leonard Cavender|male|19940808', '108|Leonard Cavender|male|19950808', '108|Leonard Cavender|male|19960808', '108|Leonard Cavender|male|19970808', '108|Leonard Cavender|male|19980808', '108|Leonard Cavender|male|19990808', '108|Leonard Cavender|male|20000808', '108|Leonard Cavender|male|20010808', '108|Leonard Cavender|male|20020808', '108|Leonard Cavender|male|20030808', '108|Leonard Cavender|male|20040808', '108|Leonard Cavender|male|20050808', '108|Leonard Cavender|male|20060808', '108|Leonard Cavender|male|20070808', '108|Leonard Cavender|male|20080808', '108|Leonard Cavender|male|20090808', '108|Leonard Cavender|male|20100808', '108|Leonard Cavender|male|20110808', '108|Leonard Cavender|male|20120808', '108|Leonard Cavender|male|20130808', '108|Leonard Cavender|male|20140808', '108|Leonard Cavender|male|20150808', '108|Leonard Cavender|male|20160808', '108|Leonard Cavender|male|20170808', '108|Leonard Cavender|male|20180808', '108|Leonard Cavender|male|20190808', '108|Leonard Cavender|male|20200808', '108|Leonard Cavender|male|20210808', '108|Leonard Cavender|male|20220808', '108|Leonard Cavender|male|20230808', '108|Leonard Cavender|male|20240808']"
102,Ida Shipp,female,1962-05-24,1962-05-24,1.9620524e+07,24051962,"[datetime.date(1962, 5, 24), datetime.date(1963, 5, 24), datetime.date(1964, 5, 24), datetime.date(1965, 5, 24), datetime.date(1966, 5, 24), datetime.date(1967, 5, 24), datetime.date(1968, 5, 24), datetime.date(1969, 5, 24), datetime.date(1970, 5, 24), datetime.date(1971, 5, 24), datetime.date(1972, 5, 24), datetime.date(1973, 5, 24), datetime.date(1974, 5, 24), datetime.date(1975, 5, 24), datetime.date(1976, 5, 24), datetime.date(1977, 5, 24), datetime.date(1978, 5, 24), datetime.date(1979, 5, 24), datetime.date(1980, 5, 24), datetime.date(1981, 5, 24), datetime.date(1982, 5, 24), datetime.date(1983, 5, 24), datetime.date(1984, 5, 24), datetime.date(1985, 5, 24), datetime.date(1986, 5, 24), datetime.date(1987, 5, 24), datetime.date(1988, 5, 24), datetime.date(1989, 5, 24), datetime.date(1990, 5, 24), datetime.date(1991, 5, 24), datetime.date(1992, 5, 24), datetime.date(1993, 5, 24), datetime.date(1994, 5, 24), datetime.date(1995, 5, 24), datetime.date(1996, 5, 24), datetime.date(1997, 5, 24), datetime.date(1998, 5, 24), datetime.date(1999, 5, 24), datetime.date(2000, 5, 24), datetime.date(2001, 5, 24), datetime.date(2002, 5, 24), datetime.date(2003, 5, 24), datetime.date(2004, 5, 24), datetime.date(2005, 5, 24), datetime.date(2006, 5, 24), datetime.date(2007, 5, 24), datetime.date(2008, 5, 24), datetime.date(2009, 5, 24), datetime.date(2010, 5, 24), datetime.date(2011, 5, 24), datetime.date(2012, 5, 24), datetime.date(2013, 5, 24), datetime.date(2014, 5, 24), datetime.date(2015, 5, 24), datetime.date(2016, 5, 24), datetime.date(2017, 5, 24), datetime.date(2018, 5, 24), datetime.date(2019, 5, 24), datetime.date(2020, 5, 24), datetime.date(2021, 5, 24), datetime.date(2022, 5, 24), datetime.date(2023, 5, 24), datetime.date(2024, 5, 24), datetime.date(2025, 5, 24)]","['102|Ida Shipp|female|19620524', '102|Ida Shipp|female|19630524', '102|Ida Shipp|female|19640524', '102|Ida Shipp|female|19650524', '102|Ida Shipp|female|19660524', '102|Ida Shipp|female|19670524', '102|Ida Shipp|female|19680524', '102|Ida Shipp|female|19690524', '102|Ida Shipp|female|19700524', '102|Ida Shipp|female|19710524', '102|Ida Shipp|female|19720524', '102|Ida Shipp|female|19730524', '102|Ida Shipp|female|19740524', '102|Ida Shipp|female|19750524', '102|Ida Shipp|female|19760524', '102|Ida Shipp|female|19770524', '102|Ida Shipp|female|19780524', '102|Ida Shipp|female|19790524', '102|Ida Shipp|female|19800524', '102|Ida Shipp|female|19810524', '102|Ida Shipp|female|19820524', '102|Ida Shipp|female|19830524', '102|Ida Shipp|female|19840524', '102|Ida Shipp|female|19850524', '102|Ida Shipp|female|19860524', '102|Ida Shipp|female|19870524', '102|Ida Shipp|female|19880524', '102|Ida Shipp|female|19890524', '102|Ida Shipp|female|19900524', '102|Ida Shipp|female|19910524', '102|Ida Shipp|female|19920524', '102|Ida Shipp|female|19930524', '102|Ida Shipp|female|19940524', '102|Ida Shipp|female|19950524', '102|Ida Shipp|female|19960524', '102|Ida Shipp|female|19970524', '102|Ida Shipp|female|19980524', '102|Ida Shipp|female|19990524', '102|Ida Shipp|female|20000524', '102|Ida Shipp|female|20010524', '102|Ida Shipp|female|20020524', '102|Ida Shipp|female|20030524', '102|Ida Shipp|female|20040524', '102|Ida Shipp|female|20050524', '102|Ida Shipp|female|20060524', '102|Ida Shipp|female|20070524', '102|Ida Shipp|female|20080524', '102|Ida Shipp|female|20090524', '102|Ida Shipp|female|20100524', '102|Ida Shipp|female|20110524', '102|Ida Shipp|female|20120524', '102|Ida Shipp|female|20130524', '102|Ida Shipp|female|20140524', '102|Ida Shipp|female|20150524', '102|Ida Shipp|female|20160524', '102|Ida Shipp|female|20170524', '102|Ida Shipp|female|20180524', '102|Ida Shipp|female|20190524', '102|Ida Shipp|female|20200524', '102|Ida Shipp|female|20210524', '102|Ida Shipp|female|20220524', '102|Ida Shipp|female|20230524', '102|Ida Shipp|female|20240524', '102|Ida Shipp|female|20250524']"
118,Tina Gaskins,female,1966-12-05,1966-12-05,1.9661204e+07,5121966,"[datetime.date(1966, 12, 5), datetime.date(1967, 12, 5), datetime.date(1968, 12, 5), datetime.date(1969, 12, 5), datetime.date(1970, 12, 5), datetime.date(1971, 12, 5), datetime.date(1972, 12, 5), datetime.date(1973, 12, 5), datetime.date(1974, 12, 5), datetime.date(1975, 12, 5), datetime.date(1976, 12, 5), datetime.date(1977, 12, 5), datetime.date(1978, 12, 5), datetime.date(1979, 12, 5), datetime.date(1980, 12, 5), datetime.date(1981, 12, 5), datetime.date(1982, 12, 5), datetime.date(1983, 12, 5), datetime.date(1984, 12, 5), datetime.date(1985, 12, 5), datetime.date(1986, 12, 5), datetime.date(1987, 12, 5), datetime.date(1988, 12, 5), datetime.date(1989, 12, 5), datetime.date(1990, 12, 5), datetime.date(1991, 12, 5), datetime.date(1992, 12, 5), datetime.date(1993, 12, 5), datetime.date(1994, 12, 5), datetime.date(1995, 12, 5), datetime.date(1996, 12, 5), datetime.date(1997, 12, 5), datetime.date(1998, 12, 5), datetime.date(1999, 12, 5), datetime.date(2000, 12, 5), datetime.date(2001, 12, 5), datetime.date(2002, 12, 5), datetime.date(2003, 12, 5), datetime.date(2004, 12, 5), datetime.date(2005, 12, 5), datetime.date(2006, 12, 5), datetime.date(2007, 12, 5), datetime.date(2008, 12, 5), datetime.date(2009, 12, 5), datetime.date(2010, 12, 5), datetime.date(2011, 12, 5), datetime.date(2012, 12, 5), datetime.date(2013, 12, 5), datetime.date(2014, 12, 5), datetime.date(2015, 12, 5), datetime.date(2016, 12, 5), datetime.date(2017, 12, 5), datetime.date(2018, 12, 5), datetime.date(2019, 12, 5), datetime.date(2020, 12, 5), datetime.date(2021, 12, 5), datetime.date(2022, 12, 5), datetime.date(2023, 12, 5), datetime.date(2024, 12, 5)]","['118|Tina Gaskins|female|19661205', '118|Tina Gaskins|female|19671205', '118|Tina Gaskins|female|19681205', '118|Tina Gaskins|female|19691205', '118|Tina Gaskins|female|19701205', '118|Tina Gaskins|female|19711205', '118|Tina Gaskins|female|19721205', '118|Tina Gaskins|female|19731205', '118|Tina Gaskins|female|19741205', '118|Tina Gaskins|female|19751205', '118|Tina Gaskins|female|19761205', '118|Tina Gaskins|female|19771205', '118|Tina Gaskins|female|19781205', '118|Tina Gaskins|female|19791205', '118|Tina Gaskins|female|19801205', '118|Tina Gaskins|female|19811205', '118|Tina Gaskins|female|19821205', '118|Tina Gaskins|female|19831205', '118|Tina Gaskins|female|19841205', '118|Tina Gaskins|female|19851205', '118|Tina Gaskins|female|19861205', '118|Tina Gaskins|female|19871205', '118|Tina Gaskins|female|19881205', '118|Tina Gaskins|female|19891205', '118|Tina Gaskins|female|19901205', '118|Tina Gaskins|female|19911205', '118|Tina Gaskins|female|19921205', '118|Tina Gaskins|female|19931205', '118|Tina Gaskins|female|19941205', '118|Tina Gaskins|female|19951205', '118|Tina Gaskins|female|19961205', '118|Tina Gaskins|female|19971205', '118|Tina Gaskins|female|19981205', '118|Tina Gaskins|female|19991205', '118|Tina Gaskins|female|20001205', '118|Tina Gaskins|female|20011205', '118|Tina Gaskins|female|20021205', '118|Tina Gaskins|female|20031205', '118|Tina Gaskins|female|20041205', '118|Tina Gaskins|female|20051205', '118|Tina Gaskins|female|20061205', '118|Tina Gaskins|female|20071205', '118|Tina Gaskins|female|20081205', '118|Tina Gaskins|female|20091205', '118|Tina Gaskins|female|20101205', '118|Tina Gaskins|female|20111205', '118|Tina Gaskins|female|20121205', '118|Tina Gaskins|female|20131205', '118|Tina Gaskins|female|20141205', '118|Tina Gaskins|female|20151205', '118|Tina Gaskins|female|20161205', '118|Tina Gaskins|female|20171205', '118|Tina Gaskins|female|20181205', '118|Tina Gaskins|female|20191205', '118|Tina Gaskins|female|20201205', '118|Tina Gaskins|female|20211205', '118|Tina Gaskins|female|20221205', '118|Tina Gaskins|female|20231205', '118|Tina Gaskins|female|20241205']"
115,Robert Mcreynolds,male,1973-12-27,1973-12-27,1.9731228e+07,27121973,"[datetime.date(1973, 12, 27), datetime.date(1974, 12, 27), datetime.date(1975, 12, 27), datetime.date(1976, 12, 27), datetime.date(1977, 12, 27), datetime.date(1978, 12, 27), datetime.date(1979, 12, 27), datetime.date(1980, 12, 27), datetime.date(1981, 12, 27), datetime.date(1982, 12, 27), datetime.date(1983, 12, 27), datetime.date(1984, 12, 27), datetime.date(1985, 12, 27), datetime.date(1986, 12, 27), datetime.date(1987, 12, 27), datetime.date(1988, 12, 27), datetime.date(1989, 12, 27), datetime.date(1990, 12, 27), datetime.date(1991, 12, 27), datetime.date(1992, 12, 27), datetime.date(1993, 12, 27), datetime.date(1994, 12, 27), datetime.date(1995, 12, 27), datetime.date(1996, 12, 27), datetime.date(1997, 12, 27), datetime.date(1998, 12, 27), datetime.date(1999, 12, 27), datetime.date(2000, 12, 27), datetime.date(2001, 12, 27), datetime.date(2002, 12, 27), datetime.date(2003, 12, 27), datetime.date(2004, 12, 27), datetime.date(2005, 12, 27), datetime.date(2006, 12, 27), datetime.date(2007, 12, 27), datetime.date(2008, 12, 27), datetime.date(2009, 12, 27), datetime.date(2010, 12, 27), datetime.date(2011, 12, 27), datetime.date(2012, 12, 27), datetime.date(2013, 12, 27), datetime.date(2014, 12, 27), datetime.date(2015, 12, 27), datetime.date(2016, 12, 27), datetime.date(2017, 12, 27), datetime.date(2018, 12, 27), datetime.date(2019, 12, 27), datetime.date(2020, 12, 27), datetime.date(2021, 12, 27), datetime.date(2022, 12, 27), datetime.date(2023, 12, 27), datetime.date(2024, 12, 27)]","['115|Robert Mcreynolds|male|19731227', '115|Robert Mcreynolds|male|19741227', '115|Robert Mcreynolds|male|19751227', '115|Robert Mcreynolds|male|19761227', '115|Robert Mcreynolds|male|19771227', '115|Robert Mcreynolds|male|19781227', '115|Robert Mcreynolds|male|19791227', '115|Robert Mcreynolds|male|19801227', '115|Robert Mcreynolds|male|19811227', '115|Robert Mcreynolds|male|19821227', '115|Robert Mcreynolds|male|19831227', '115|Robert Mcreynolds|male|19841227', '115|Robert Mcreynolds|male|19851227', '115|Robert Mcreynolds|male|19861227', '115|Robert Mcreynolds|male|19871227', '115|Robert Mcreynolds|male|19881227', '115|Robert Mcreynolds|male|19891227', '115|Robert Mcreynolds|male|19901227', '115|Robert Mcreynolds|male|19911227', '115|Robert Mcreynolds|male|19921227', '115|Robert Mcreynolds|male|19931227', '115|Robert Mcreynolds|male|19941227', '115|Robert Mcreynolds|male|19951227', '115|Robert Mcreynolds|male|19961227', '115|Robert Mcreynolds|male|19971227', '115|Robert Mcreynolds|male|19981227', '115|Robert Mcreynolds|male|19991227', '115|Robert Mcreynolds|male|20001227', '115|Robert Mcreynolds|male|20011227', '115|Robert Mcreynolds|male|20021227', '115|Robert Mcreynolds|male|20031227', '115|Robert Mcreynolds|male|20041227', '115|Robert Mcreynolds|male|20051227', '115|Robert Mcreynolds|male|20061227', '115|Robert Mcreynolds|male|20071227', '115|Robert Mcreynolds|male|20081227', '115|Robert Mcreynolds|male|20091227', '115|Robert Mcreynolds|male|20101227', '115|Robert Mcreynolds|male|20111227', '115|Robert Mcreynolds|male|20121227', '115|Robert Mcreynolds|male|20131227', '115|Robert Mcreynolds|male|20141227', '115|Robert Mcreynolds|male|20151227', '115|Robert Mcreynolds|male|20161227', '115|Robert Mcreynolds|male|20171227', '115|Robert Mcreynolds|male|20181227', '115|Robert Mcreynolds|male|20191227', '115|Robert Mcreynolds|male|20201227', '115|Robert Mcreynolds|male|20211227', '115|Robert Mcreynolds|male|20221227', '115|Robert Mcreynolds|male|20231227', '115|Robert Mcreynolds|male|20241227']"
101,David Anthony,male,1971-10-14,1971-10-14,1.9711014e+07,14101971,"[datetime.date(1971, 10, 14), datetime.date(1972, 10, 14), datetime.date(1973, 10, 14), datetime.date(1974, 10, 14), datetime.date(1975, 10, 14), datetime.date(1976, 10, 14), datetime.date(1977, 10, 14), datetime.date(1978, 10, 14), datetime.date(1979, 10, 14), datetime.date(1980, 10, 14), datetime.date(1981, 10, 14), datetime.date(1982, 10, 14), datetime.date(1983, 10, 14), datetime.date(1984, 10, 14), datetime.date(1985, 10, 14), datetime.date(1986, 10, 14), datetime.date(1987, 10, 14), datetime.date(1988, 10, 14), datetime.date(1989, 10, 14), datetime.date(1990, 10, 14), datetime.date(1991, 10, 14), datetime.date(1992, 10, 14), datetime.date(1993, 10, 14), datetime.date(1994, 10, 14), datetime.date(1995, 10, 14), datetime.date(1996, 10, 14), datetime.date(1997, 10, 14), datetime.date(1998, 10, 14), datetime.date(1999, 10, 14), datetime.date(2000, 10, 14), datetime.date(2001, 10, 14), datetime.date(2002, 10, 14), datetime.date(2003, 10, 14), datetime.date(2004, 10, 14), datetime.date(2005, 10, 14), datetime.date(2006, 10, 14), datetime.date(2007, 10, 14), datetime.date(2008, 10, 14), datetime.date(2009, 10, 14), datetime.date(2010, 10, 14), datetime.date(2011, 10, 14), datetime.date(2012, 10, 14), datetime.date(2013, 10, 14), datetime.date(2014, 10, 14), datetime.date(2015, 10, 14), datetime.date(2016, 10, 14), datetime.date(2017, 10, 14), datetime.date(2018, 10, 14), datetime.date(2019, 10, 14), datetime.date(2020, 10, 14), datetime.date(2021, 10, 14), datetime.date(2022, 10, 14), datetime.date(2023, 10, 14), datetime.date(2024, 10, 14)]","['101|David Anthony|male|19711014', '101|David Anthony|male|19721014', '101|David Anthony|male|19731014', '101|David Anthony|male|19741014', '101|David Anthony|male|19751014', '101|David Anthony|male|19761014', '101|David Anthony|male|19771014', '101|David Anthony|male|19781014', '101|David Anthony|male|19791014', '101|David Anthony|male|19801014', '101|David Anthony|male|19811014', '101|David Anthony|male|19821014', '101|David Anthony|male|19831014', '101|David Anthony|male|19841014', '101|David Anthony|male|19851014', '101|David Anthony|male|19861014', '101|David Anthony|male|19871014', '101|David Anthony|male|19881014', '101|David Anthony|male|19891014', '101|David Anthony|male|19901014', '101|David Anthony|male|19911014', '101|David Anthony|male|19921014', '101|David Anthony|male|19931014', '101|David Anthony|male|19941014', '101|David Anthony|male|19951014', '101|David Anthony|male|19961014', '101|David Anthony|male|19971014', '101|David Anthony|male|19981014', '101|David Anthony|male|19991014', '101|David Anthony|male|20001014', '101|David Anthony|male|20011014', '101|David Anthony|male|20021014', '101|David Anthony|male|20031014', '101|David Anthony|male|20041014', '101|David Anthony|male|20051014', '101|David Anthony|male|20061014', '101|David Anthony|male|20071014', '101|David Anthony|male|20081014', '101|David Anthony|male|20091014', '101|David Anthony|male|20101014', '101|David Anthony|male|20111014', '101|David Anthony|male|20121014', '101|David Anthony|male|20131014', '101|David Anthony|male|20141014', '101|David Anthony|male|20151014', '101|David Anthony|male|20161014', '101|David Anthony|male|20171014', '101|David Anthony|male|20181014', '101|David Anthony|male|20191014', '101|David Anthony|male|20201014', '101|David Anthony|male|20211014', '101|David Anthony|male|20221014', '101|David Anthony|male|20231014', '101|David Anthony|male|20241014']"
112,Eulah Emanuel,female,1976-01-19,1976-01-19,1.976012e+07,19011976,"[datetime.date(1976, 1, 19), datetime.date(1977, 1, 19), datetime.date(1978, 1, 19), datetime.date(1979, 1, 19), datetime.date(1980, 1, 19), datetime.date(1981, 1, 19), datetime.date(1982, 1, 19), datetime.date(1983, 1, 19), datetime.date(1984, 1, 19), datetime.date(1985, 1, 19), datetime.date(1986, 1, 19), datetime.date(1987, 1, 19), datetime.date(1988, 1, 19), datetime.date(1989, 1, 19), datetime.date(1990, 1, 19), datetime.date(1991, 1, 19), datetime.date(1992, 1, 19), datetime.date(1993, 1, 19), datetime.date(1994, 1, 19), datetime.date(1995, 1, 19), datetime.date(1996, 1, 19), datetime.date(1997, 1, 19), datetime.date(1998, 1, 19), datetime.date(1999, 1, 19), datetime.date(2000, 1, 19), datetime.date(2001, 1, 19), datetime.date(2002, 1, 19), datetime.date(2003, 1, 19), datetime.date(2004, 1, 19), datetime.date(2005, 1, 19), datetime.date(2006, 1, 19), datetime.date(2007, 1, 19), datetime.date(2008, 1, 19), datetime.date(2009, 1, 19), datetime.date(2010, 1, 19), datetime.date(2011, 1, 19), datetime.date(2012, 1, 19), datetime.date(2013, 1, 19), datetime.date(2014, 1, 19), datetime.date(2015, 1, 19), datetime.date(2016, 1, 19), datetime.date(2017, 1, 19), datetime.date(2018, 1, 19), datetime.date(2019, 1, 19), datetime.date(2020, 1, 19), datetime.date(2021, 1, 19), datetime.date(2022, 1, 19), datetime.date(2023, 1, 19), datetime.date(2024, 1, 19), datetime.date(2025, 1, 19)]","['112|Eulah Emanuel|female|19760119', '112|Eulah Emanuel|female|19770119', '112|Eulah Emanuel|female|19780119', '112|Eulah Emanuel|female|19790119', '112|Eulah Emanuel|female|19800119', '112|Eulah Emanuel|female|19810119', '112|Eulah Emanuel|female|19820119', '112|Eulah Emanuel|female|19830119', '112|Eulah Emanuel|female|19840119', '112|Eulah Emanuel|female|19850119', '112|Eulah Emanuel|female|19860119', '112|Eulah Emanuel|female|19870119', '112|Eulah Emanuel|female|19880119', '112|Eulah Emanuel|female|19890119', '112|Eulah Emanuel|female|19900119', '112|Eulah Emanuel|female|19910119', '112|Eulah Emanuel|female|19920119', '112|Eulah Emanuel|female|19930119', '112|Eulah Emanuel|female|19940119', '112|Eulah Emanuel|female|19950119', '112|Eulah Emanuel|female|19960119', '112|Eulah Emanuel|female|19970119', '112|Eulah Emanuel|female|19980119', '112|Eulah Emanuel|female|19990119', '112|Eulah Emanuel|female|20000119', '112|Eulah Emanuel|female|20010119', '112|Eulah Emanuel|female|20020119', '112|Eulah Emanuel|female|20030119', '112|Eulah Emanuel|female|20040119', '112|Eulah Emanuel|female|20050119', '112|Eulah Emanuel|female|20060119', '112|Eulah Emanuel|female|20070119', '112|Eulah Emanuel|female|20080119', '112|Eulah Emanuel|female|20090119', '112|Eulah Emanuel|female|20100119', '112|Eulah Emanuel|female|20110119', '112|Eulah Emanuel|female|20120119', '112|Eulah Emanuel|female|20130119', '112|Eulah Emanuel|female|20140119', '112|Eulah Emanuel|female|20150119', '112|Eulah Emanuel|female|20160119', '112|Eulah Emanuel|female|20170119', '112|Eulah Emanuel|female|20180119', '112|Eulah Emanuel|female|20190119', '112|Eulah Emanuel|female|20200119', '112|Eulah Emanuel|female|20210119', '112|Eulah Emanuel|female|20220119', '112|Eulah Emanuel|female|20230119', '112|Eulah Emanuel|female|20240119', '112|Eulah Emanuel|female|20250119']"
113,Shaun Love,male,1970-05-26,1970-05-26,1.9700526e+07,26051970,"[datetime.date(1970, 5, 26), datetime.date(1971, 5, 26), datetime.date(1972, 5, 26), datetime.date(1973, 5, 26), datetime.date(1974, 5, 26), datetime.date(1975, 5, 26), datetime.date(1976, 5, 26), datetime.date(1977, 5, 26), datetime.date(1978, 5, 26), datetime.date(1979, 5, 26), datetime.date(1980, 5, 26), datetime.date(1981, 5, 26), datetime.date(1982, 5, 26), datetime.date(1983, 5, 26), datetime.date(1984, 5, 26), datetime.date(1985, 5, 26), datetime.date(1986, 5, 26), datetime.date(1987, 5, 26), datetime.date(1988, 5, 26), datetime.date(1989, 5, 26), datetime.date(1990, 5, 26), datetime.date(1991, 5, 26), datetime.date(1992, 5, 26), datetime.date(1993, 5, 26), datetime.date(1994, 5, 26), datetime.date(1995, 5, 26), datetime.date(1996, 5, 26), datetime.date(1997, 5, 26), datetime.date(1998, 5, 26), datetime.date(1999, 5, 26), datetime.date(2000, 5, 26), datetime.date(2001, 5, 26), datetime.date(2002, 5, 26), datetime.date(2003, 5, 26), datetime.date(2004, 5, 26), datetime.date(2005, 5, 26), datetime.date(2006, 5, 26), datetime.date(2007, 5, 26), datetime.date(2008, 5, 26), datetime.date(2009, 5, 26), datetime.date(2010, 5, 26), datetime.date(2011, 5, 26), datetime.date(2012, 5, 26), datetime.date(2013, 5, 26), datetime.date(2014, 5, 26), datetime.date(2015, 5, 26), datetime.date(2016, 5, 26), datetime.date(2017, 5, 26), datetime.date(2018, 5, 26), datetime.date(2019, 5, 26), datetime.date(2020, 5, 26), datetime.date(2021, 5, 26), datetime.date(2022, 5, 26), datetime.date(2023, 5, 26), datetime.date(2024, 5, 26), datetime.date(2025, 5, 26)]","['113|Shaun Love|male|19700526', '113|Shaun Love|male|19710526', '113|Shaun Love|male|19720526', '113|Shaun Love|male|19730526', '113|Shaun Love|male|19740526', '113|Shaun Love|male|19750526', '113|Shaun Love|male|19760526', '113|Shaun Love|male|19770526', '113|Shaun Love|male|19780526', '113|Shaun Love|male|19790526', '113|Shaun Love|male|19800526', '113|Shaun Love|male|19810526', '113|Shaun Love|male|19820526', '113|Shaun Love|male|19830526', '113|Shaun Love|male|19840526', '113|Shaun Love|male|19850526', '113|Shaun Love|male|19860526', '113|Shaun Love|male|19870526', '113|Shaun Love|male|19880526', '113|Shaun Love|male|19890526', '113|Shaun Love|male|19900526', '113|Shaun Love|male|19910526', '113|Shaun Love|male|19920526', '113|Shaun Love|male|19930526', '113|Shaun Love|male|19940526', '113|Shaun Love|male|19950526', '113|Shaun Love|male|19960526', '113|Shaun Love|male|19970526', '113|Shaun Love|male|19980526', '113|Shaun Love|male|19990526', '113|Shaun Love|male|20000526', '113|Shaun Love|male|20010526', '113|Shaun Love|male|20020526', '113|Shaun Love|male|20030526', '113|Shaun Love|male|20040526', '113|Shaun Love|male|20050526', '113|Shaun Love|male|20060526', '113|Shaun Love|male|20070526', '113|Shaun Love|male|20080526', '113|Shaun Love|male|20090526', '113|Shaun Love|male|20100526', '113|Shaun Love|male|20110526', '113|Shaun Love|male|20120526', '113|Shaun Love|male|20130526', '113|Shaun Love|male|20140526', '113|Shaun Love|male|20150526', '113|Shaun Love|male|20160526', '113|Shaun Love|male|20170526', '113|Shaun Love|male|20180526', '113|Shaun Love|male|20190526', '113|Shaun Love|male|20200526', '113|Shaun Love|male|20210526', '113|Shaun Love|male|20220526', '113|Shaun Love|male|20230526', '113|Shaun Love|male|20240526', '113|Shaun Love|male|20250526']"
114,Alejandro Brennan,male,1980-12-22,1980-12-22,1.9801222e+07,22121980,"[datetime.date(1980, 12, 22), datetime.date(1981, 12, 22), datetime.date(1982, 12, 22), datetime.date(1983, 12, 22), datetime.date(1984, 12, 22), datetime.date(1985, 12, 22), datetime.date(1986, 12, 22), datetime.date(1987, 12, 22), datetime.date(1988, 12, 22), datetime.date(1989, 12, 22), datetime.date(1990, 12, 22), datetime.date(1991, 12, 22), datetime.date(1992, 12, 22), datetime.date(1993, 12, 22), datetime.date(1994, 12, 22), datetime.date(1995, 12, 22), datetime.date(1996, 12, 22), datetime.date(1997, 12, 22), datetime.date(1998, 12, 22), datetime.date(1999, 12, 22), datetime.date(2000, 12, 22), datetime.date(2001, 12, 22), datetime.date(2002, 12, 22), datetime.date(2003, 12, 22), datetime.date(2004, 12, 22), datetime.date(2005, 12, 22), datetime.date(2006, 12, 22), datetime.date(2007, 12, 22), datetime.date(2008, 12, 22), datetime.date(2009, 12, 22), datetime.date(2010, 12, 22), datetime.date(2011, 12, 22), datetime.date(2012, 12, 22), datetime.date(2013, 12, 22), datetime.date(2014, 12, 22), datetime.date(2015, 12, 22), datetime.date(2016, 12, 22), datetime.date(2017, 12, 22), datetime.date(2018, 12, 22), datetime.date(2019, 12, 22), datetime.date(2020, 12, 22), datetime.date(2021, 12, 22), datetime.date(2022, 12, 22), datetime.date(2023, 12, 22), datetime.date(2024, 12, 22)]","['114|Alejandro Brennan|male|19801222', '114|Alejandro Brennan|male|19811222', '114|Alejandro Brennan|male|19821222', '114|Alejandro Brennan|male|19831222', '114|Alejandro Brennan|male|19841222', '114|Alejandro Brennan|male|19851222', '114|Alejandro Brennan|male|19861222', '114|Alejandro Brennan|male|19871222', '114|Alejandro Brennan|male|19881222', '114|Alejandro Brennan|male|19891222', '114|Alejandro Brennan|male|19901222', '114|Alejandro Brennan|male|19911222', '114|Alejandro Brennan|male|19921222', '114|Alejandro Brennan|male|19931222', '114|Alejandro Brennan|male|19941222', '114|Alejandro Brennan|male|19951222', '114|Alejandro Brennan|male|19961222', '114|Alejandro Brennan|male|19971222', '114|Alejandro Brennan|male|19981222', '114|Alejandro Brennan|male|19991222', '114|Alejandro Brennan|male|20001222', '114|Alejandro Brennan|male|20011222', '114|Alejandro Brennan|male|20021222', '114|Alejandro Brennan|male|20031222', '114|Alejandro Brennan|male|20041222', '114|Alejandro Brennan|male|20051222', '114|Alejandro Brennan|male|20061222', '114|Alejandro Brennan|male|20071222', '114|Alejandro Brennan|male|20081222', '114|Alejandro Brennan|male|20091222', '114|Alejandro Brennan|male|20101222', '114|Alejandro Brennan|male|20111222', '114|Alejandro Brennan|male|20121222', '114|Alejandro Brennan|male|20131222', '114|Alejandro Brennan|male|20141222', '114|Alejandro Brennan|male|20151222', '114|Alejandro Brennan|male|20161222', '114|Alejandro Brennan|male|20171222', '114|Alejandro Brennan|male|20181222', '114|Alejandro Brennan|male|20191222', '114|Alejandro Brennan|male|20201222', '114|Alejandro Brennan|male|20211222', '114|Alejandro Brennan|male|20221222', '114|Alejandro Brennan|male|20231222', '114|Alejandro Brennan|male|20241222']"
111,Annabelle Rosseau,female,1989-07-13,1989-07-13,1.9890712e+07,13071989,"[datetime.date(1989, 7, 13), datetime.date(1990, 7, 13), datetime.date(1991, 7, 13), datetime.date(1992, 7, 13), datetime.date(1993, 7, 13), datetime.date(1994, 7, 13), datetime.date(1995, 7, 13), datetime.date(1996, 7, 13), datetime.date(1997, 7, 13), datetime.date(1998, 7, 13), datetime.date(1999, 7, 13), datetime.date(2000, 7, 13), datetime.date(2001, 7, 13), datetime.date(2002, 7, 13), datetime.date(2003, 7, 13), datetime.date(2004, 7, 13), datetime.date(2005, 7, 13), datetime.date(2006, 7, 13), datetime.date(2007, 7, 13), datetime.date(2008, 7, 13), datetime.date(2009, 7, 13), datetime.date(2010, 7, 13), datetime.date(2011, 7, 13), datetime.date(2012, 7, 13), datetime.date(2013, 7, 13), datetime.date(2014, 7, 13), datetime.date(2015, 7, 13), datetime.date(2016, 7, 13), datetime.date(2017, 7, 13), datetime.date(2018, 7, 13), datetime.date(2019, 7, 13), datetime.date(2020, 7, 13), datetime.date(2021, 7, 13), datetime.date(2022, 7, 13), datetime.date(2023, 7, 13), datetime.date(2024, 7, 13), datetime.date(2025, 7, 13)]","['111|Annabelle Rosseau|female|19890713', '111|Annabelle Rosseau|female|19900713', '111|Annabelle Rosseau|female|19910713', '111|Annabelle Rosseau|female|19920713', '111|Annabelle Rosseau|female|19930713', '111|Annabelle Rosseau|female|19940713', '111|Annabelle Rosseau|female|19950713', '111|Annabelle Rosseau|female|19960713', '111|Annabelle Rosseau|female|19970713', '111|Annabelle Rosseau|female|19980713', '111|Annabelle Rosseau|female|19990713', '111|Annabelle Rosseau|female|20000713', '111|Annabelle Rosseau|female|20010713', '111|Annabelle Rosseau|female|20020713', '111|Annabelle Rosseau|female|20030713', '111|Annabelle Rosseau|female|20040713', '111|Annabelle Rosseau|female|20050713', '111|Annabelle Rosseau|female|20060713', '111|Annabelle Rosseau|female|20070713', '111|Annabelle Rosseau|female|20080713', '111|Annabelle Rosseau|female|20090713', '111|Annabelle Rosseau|female|20100713', '111|Annabelle Rosseau|female|20110713', '111|Annabelle Rosseau|female|20120713', '111|Annabelle Rosseau|female|20130713', '111|Annabelle Rosseau|female|20140713', '111|Annabelle Rosseau|female|20150713', '111|Annabelle Rosseau|female|20160713', '111|Annabelle Rosseau|female|20170713', '111|Annabelle Rosseau|female|20180713', '111|Annabelle Rosseau|female|20190713', '111|Annabelle Rosseau|female|20200713', '111|Annabelle Rosseau|female|20210713', '111|Annabelle Rosseau|female|20220713', '111|Annabelle Rosseau|female|20230713', '111|Annabelle Rosseau|female|20240713', '111|Annabelle Rosseau|female|20250713']"
116,Carla Spickard,female,1985-06-13,1985-06-13,1.9850612e+07,13061985,"[datetime.date(1985, 6, 13), datetime.date(1986, 6, 13), datetime.date(1987, 6, 13), datetime.date(1988, 6, 13), datetime.date(1989, 6, 13), datetime.date(1990, 6, 13), datetime.date(1991, 6, 13), datetime.date(1992, 6, 13), datetime.date(1993, 6, 13), datetime.date(1994, 6, 13), datetime.date(1995, 6, 13), datetime.date(1996, 6, 13), datetime.date(1997, 6, 13), datetime.date(1998, 6, 13), datetime.date(1999, 6, 13), datetime.date(2000, 6, 13), datetime.date(2001, 6, 13), datetime.date(2002, 6, 13), datetime.date(2003, 6, 13), datetime.date(2004, 6, 13), datetime.date(2005, 6, 13), datetime.date(2006, 6, 13), datetime.date(2007, 6, 13), datetime.date(2008, 6, 13), datetime.date(2009, 6, 13), datetime.date(2010, 6, 13), datetime.date(2011, 6, 13), datetime.date(2012, 6, 13), datetime.date(2013, 6, 13), datetime.date(2014, 6, 13), datetime.date(2015, 6, 13), datetime.date(2016, 6, 13), datetime.date(2017, 6, 13), datetime.date(2018, 6, 13), datetime.date(2019, 6, 13), datetime.date(2020, 6, 13), datetime.date(2021, 6, 13), datetime.date(2022, 6, 13), datetime.date(2023, 6, 13), datetime.date(2024, 6, 13), datetime.date(2025, 6, 13)]","['116|Carla Spickard|female|19850613', '116|Carla Spickard|female|19860613', '116|Carla Spickard|female|19870613', '116|Carla Spickard|female|19880613', '116|Carla Spickard|female|19890613', '116|Carla Spickard|female|19900613', '116|Carla Spickard|female|19910613', '116|Carla Spickard|female|19920613', '116|Carla Spickard|female|19930613', '116|Carla Spickard|female|19940613', '116|Carla Spickard|female|19950613', '116|Carla Spickard|female|19960613', '116|Carla Spickard|female|19970613', '116|Carla Spickard|female|19980613', '116|Carla Spickard|female|19990613', '116|Carla Spickard|female|20000613', '116|Carla Spickard|female|20010613', '116|Carla Spickard|female|20020613', '116|Carla Spickard|female|20030613', '116|Carla Spickard|female|20040613', '116|Carla Spickard|female|20050613', '116|Carla Spickard|female|20060613', '116|Carla Spickard|female|20070613', '116|Carla Spickard|female|20080613', '116|Carla Spickard|female|20090613', '116|Carla Spickard|female|20100613', '116|Carla Spickard|female|20110613', '116|Carla Spickard|female|20120613', '116|Carla Spickard|female|20130613', '116|Carla Spickard|female|20140613', '116|Carla Spickard|female|20150613', '116|Carla Spickard|female|20160613', '116|Carla Spickard|female|20170613', '116|Carla Spickard|female|20180613', '116|Carla Spickard|female|20190613', '116|Carla Spickard|female|20200613', '116|Carla Spickard|female|20210613', '116|Carla Spickard|female|20220613', '116|Carla Spickard|female|20230613', '116|Carla Spickard|female|20240613', '116|Carla Spickard|female|20250613']"
106,Edward Hudson,male,1983-05-09,1983-05-09,1.9830508e+07,9051983,"[datetime.date(1983, 5, 9), datetime.date(1984, 5, 9), datetime.date(1985, 5, 9), datetime.date(1986, 5, 9), datetime.date(1987, 5, 9), datetime.date(1988, 5, 9), datetime.date(1989, 5, 9), datetime.date(1990, 5, 9), datetime.date(1991, 5, 9), datetime.date(1992, 5, 9), datetime.date(1993, 5, 9), datetime.date(1994, 5, 9), datetime.date(1995, 5, 9), datetime.date(1996, 5, 9), datetime.date(1997, 5, 9), datetime.date(1998, 5, 9), datetime.date(1999, 5, 9), datetime.date(2000, 5, 9), datetime.date(2001, 5, 9), datetime.date(2002, 5, 9), datetime.date(2003, 5, 9), datetime.date(2004, 5, 9), datetime.date(2005, 5, 9), datetime.date(2006, 5, 9), datetime.date(2007, 5, 9), datetime.date(2008, 5, 9), datetime.date(2009, 5, 9), datetime.date(2010, 5, 9), datetime.date(2011, 5, 9), datetime.date(2012, 5, 9), datetime.date(2013, 5, 9), datetime.date(2014, 5, 9), datetime.date(2015, 5, 9), datetime.date(2016, 5, 9), datetime.date(2017, 5, 9), datetime.date(2018, 5, 9), datetime.date(2019, 5, 9), datetime.date(2020, 5, 9), datetime.date(2021, 5, 9), datetime.date(2022, 5, 9), datetime.date(2023, 5, 9), datetime.date(2024, 5, 9), datetime.date(2025, 5, 9)]","['106|Edward Hudson|male|19830509', '106|Edward Hudson|male|19840509', '106|Edward Hudson|male|19850509', '106|Edward Hudson|male|19860509', '106|Edward Hudson|male|19870509', '106|Edward Hudson|male|19880509', '106|Edward Hudson|male|19890509', '106|Edward Hudson|male|19900509', '106|Edward Hudson|male|19910509', '106|Edward Hudson|male|19920509', '106|Edward Hudson|male|19930509', '106|Edward Hudson|male|19940509', '106|Edward Hudson|male|19950509', '106|Edward Hudson|male|19960509', '106|Edward Hudson|male|19970509', '106|Edward Hudson|male|19980509', '106|Edward Hudson|male|19990509', '106|Edward Hudson|male|20000509', '106|Edward Hudson|male|20010509', '106|Edward Hudson|male|20020509', '106|Edward Hudson|male|20030509', '106|Edward Hudson|male|20040509', '106|Edward Hudson|male|20050509', '106|Edward Hudson|male|20060509', '106|Edward Hudson|male|20070509', '106|Edward Hudson|male|20080509', '106|Edward Hudson|male|20090509', '106|Edward Hudson|male|20100509', '106|Edward Hudson|male|20110509', '106|Edward Hudson|male|20120509', '106|Edward Hudson|male|20130509', '106|Edward Hudson|male|20140509', '106|Edward Hudson|male|20150509', '106|Edward Hudson|male|20160509', '106|Edward Hudson|male|20170509', '106|Edward Hudson|male|20180509', '106|Edward Hudson|male|20190509', '106|Edward Hudson|male|20200509', '106|Edward Hudson|male|20210509', '106|Edward Hudson|male|20220509', '106|Edward Hudson|male|20230509', '106|Edward Hudson|male|20240509', '106|Edward Hudson|male|20250509']"
100,Penelope Lewis,female,1990-08-31,1990-08-31,1.9900832e+07,31081990,"[datetime.date(1990, 8, 31), datetime.date(1991, 8, 31), datetime.date(1992, 8, 31), datetime.date(1993, 8, 31), datetime.date(1994, 8, 31), datetime.date(1995, 8, 31), datetime.date(1996, 8, 31), datetime.date(1997, 8, 31), datetime.date(1998, 8, 31), datetime.date(1999, 8, 31), datetime.date(2000, 8, 31), datetime.date(2001, 8, 31), datetime.date(2002, 8, 31), datetime.date(2003, 8, 31), datetime.date(2004, 8, 31), datetime.date(2005, 8, 31), datetime.date(2006, 8, 31), datetime.date(2007, 8, 31), datetime.date(2008, 8, 31), datetime.date(2009, 8, 31), datetime.date(2010, 8, 31), datetime.date(2011, 8, 31), datetime.date(2012, 8, 31), datetime.date(2013, 8, 31), datetime.date(2014, 8, 31), datetime.date(2015, 8, 31), datetime.date(2016, 8, 31), datetime.date(2017, 8, 31), datetime.date(2018, 8, 31), datetime.date(2019, 8, 31), datetime.date(2020, 8, 31), datetime.date(2021, 8, 31), datetime.date(2022, 8, 31), datetime.date(2023, 8, 31), datetime.date(2024, 8, 31)]","['100|Penelope Lewis|female|19900831', '100|Penelope Lewis|female|19910831', '100|Penelope Lewis|female|19920831', '100|Penelope Lewis|female|19930831', '100|Penelope Lewis|female|19940831', '100|Penelope Lewis|female|19950831', '100|Penelope Lewis|female|19960831', '100|Penelope Lewis|female|19970831', '100|Penelope Lewis|female|19980831', '100|Penelope Lewis|female|19990831', '100|Penelope Lewis|female|20000831', '100|Penelope Lewis|female|20010831', '100|Penelope Lewis|female|20020831', '100|Penelope Lewis|female|20030831', '100|Penelope Lewis|female|20040831', '100|Penelope Lewis|female|20050831', '100|Penelope Lewis|female|20060831', '100|Penelope Lewis|female|20070831', '100|Penelope Lewis|female|20080831', '100|Penelope Lewis|female|20090831', '100|Penelope Lewis|female|20100831', '100|Penelope Lewis|female|20110831', '100|Penelope Lewis|female|20120831', '100|Penelope Lewis|female|20130831', '100|Penelope Lewis|female|20140831', '100|Penelope Lewis|female|20150831', '100|Penelope Lewis|female|20160831', '100|Penelope Lewis|female|20170831', '100|Penelope Lewis|female|20180831', '100|Penelope Lewis|female|20190831', '100|Penelope Lewis|female|20200831', '100|Penelope Lewis|female|20210831', '100|Penelope Lewis|female|20220831', '100|Penelope Lewis|female|20230831', '100|Penelope Lewis|female|20240831']"
107,Albert Jones,male,1990-09-13,1990-09-13,1.9900912e+07,13091990,"[datetime.date(1990, 9, 13), datetime.date(1991, 9, 13), datetime.date(1992, 9, 13), datetime.date(1993, 9, 13), datetime.date(1994, 9, 13), datetime.date(1995, 9, 13), datetime.date(1996, 9, 13), datetime.date(1997, 9, 13), datetime.date(1998, 9, 13), datetime.date(1999, 9, 13), datetime.date(2000, 9, 13), datetime.date(2001, 9, 13), datetime.date(2002, 9, 13), datetime.date(2003, 9, 13), datetime.date(2004, 9, 13), datetime.date(2005, 9, 13), datetime.date(2006, 9, 13), datetime.date(2007, 9, 13), datetime.date(2008, 9, 13), datetime.date(2009, 9, 13), datetime.date(2010, 9, 13), datetime.date(2011, 9, 13), datetime.date(2012, 9, 13), datetime.date(2013, 9, 13), datetime.date(2014, 9, 13), datetime.date(2015, 9, 13), datetime.date(2016, 9, 13), datetime.date(2017, 9, 13), datetime.date(2018, 9, 13), datetime.date(2019, 9, 13), datetime.date(2020, 9, 13), datetime.date(2021, 9, 13), datetime.date(2022, 9, 13), datetime.date(2023, 9, 13), datetime.date(2024, 9, 13)]","['107|Albert Jones|male|19900913', '107|Albert Jones|male|19910913', '107|Albert Jones|male|19920913', '107|Albert Jones|male|19930913', '107|Albert Jones|male|19940913', '107|Albert Jones|male|19950913', '107|Albert Jones|male|19960913', '107|Albert Jones|male|19970913', '107|Albert Jones|male|19980913', '107|Albert Jones|male|19990913', '107|Albert Jones|male|20000913', '107|Albert Jones|male|20010913', '107|Albert Jones|male|20020913', '107|Albert Jones|male|20030913', '107|Albert Jones|male|20040913', '107|Albert Jones|male|20050913', '107|Albert Jones|male|20060913', '107|Albert Jones|male|20070913', '107|Albert Jones|male|20080913', '107|Albert Jones|male|20090913', '107|Albert Jones|male|20100913', '107|Albert Jones|male|20110913', '107|Albert Jones|male|20120913', '107|Albert Jones|male|20130913', '107|Albert Jones|male|20140913', '107|Albert Jones|male|20150913', '107|Albert Jones|male|20160913', '107|Albert Jones|male|20170913', '107|Albert Jones|male|20180913', '107|Albert Jones|male|20190913', '107|Albert Jones|male|20200913', '107|Albert Jones|male|20210913', '107|Albert Jones|male|20220913', '107|Albert Jones|male|20230913', '107|Albert Jones|male|20240913']"
110,Freddie Claridge,male,2002-05-07,2002-05-07,2.0020508e+07,7052002,"[datetime.date(2002, 5, 7), datetime.date(2003, 5, 7), datetime.date(2004, 5, 7), datetime.date(2005, 5, 7), datetime.date(2006, 5, 7), datetime.date(2007, 5, 7), datetime.date(2008, 5, 7), datetime.date(2009, 5, 7), datetime.date(2010, 5, 7), datetime.date(2011, 5, 7), datetime.date(2012, 5, 7), datetime.date(2013, 5, 7), datetime.date(2014, 5, 7), datetime.date(2015, 5, 7), datetime.date(2016, 5, 7), datetime.date(2017, 5, 7), datetime.date(2018, 5, 7), datetime.date(2019, 5, 7), datetime.date(2020, 5, 7), datetime.date(2021, 5, 7), datetime.date(2022, 5, 7), datetime.date(2023, 5, 7), datetime.date(2024, 5, 7), datetime.date(2025, 5, 7)]","['110|Freddie Claridge|male|20020507', '110|Freddie Claridge|male|20030507', '110|Freddie Claridge|male|20040507', '110|Freddie Claridge|male|20050507', '110|Freddie Claridge|male|20060507', '110|Freddie Claridge|male|20070507', '110|Freddie Claridge|male|20080507', '110|Freddie Claridge|male|20090507', '110|Freddie Claridge|male|20100507', '110|Freddie Claridge|male|20110507', '110|Freddie Claridge|male|20120507', '110|Freddie Claridge|male|20130507', '110|Freddie Claridge|male|20140507', '110|Freddie Claridge|male|20150507', '110|Freddie Claridge|male|20160507', '110|Freddie Claridge|male|20170507', '110|Freddie Claridge|male|20180507', '110|Freddie Claridge|male|20190507', '110|Freddie Claridge|male|20200507', '110|Freddie Claridge|male|20210507', '110|Freddie Claridge|male|20220507', '110|Freddie Claridge|male|20230507', '110|Freddie Claridge|male|20240507', '110|Freddie Claridge|male|20250507']"
105,David Simmons,male,1999-12-30,1999-12-30,1.999123e+07,30121999,"[datetime.date(1999, 12, 30), datetime.date(2000, 12, 30), datetime.date(2001, 12, 30), datetime.date(2002, 12, 30), datetime.date(2003, 12, 30), datetime.date(2004, 12, 30), datetime.date(2005, 12, 30), datetime.date(2006, 12, 30), datetime.date(2007, 12, 30), datetime.date(2008, 12, 30), datetime.date(2009, 12, 30), datetime.date(2010, 12, 30), datetime.date(2011, 12, 30), datetime.date(2012, 12, 30), datetime.date(2013, 12, 30), datetime.date(2014, 12, 30), datetime.date(2015, 12, 30), datetime.date(2016, 12, 30), datetime.date(2017, 12, 30), datetime.date(2018, 12, 30), datetime.date(2019, 12, 30), datetime.date(2020, 12, 30), datetime.date(2021, 12, 30), datetime.date(2022, 12, 30), datetime.date(2023, 12, 30), datetime.date(2024, 12, 30)]","['105|David Simmons|male|19991230', '105|David Simmons|male|20001230', '105|David Simmons|male|20011230', '105|David Simmons|male|20021230', '105|David Simmons|male|20031230', '105|David Simmons|male|20041230', '105|David Simmons|male|20051230', '105|David Simmons|male|20061230', '105|David Simmons|male|20071230', '105|David Simmons|male|20081230', '105|David Simmons|male|20091230', '105|David Simmons|male|20101230', '105|David Simmons|male|20111230', '105|David Simmons|male|20121230', '105|David Simmons|male|20131230', '105|David Simmons|male|20141230', '105|David Simmons|male|20151230', '105|David Simmons|male|20161230', '105|David Simmons|male|20171230', '105|David Simmons|male|20181230', '105|David Simmons|male|20191230', '105|David Simmons|male|20201230', '105|David Simmons|male|20211230', '105|David Simmons|male|20221230', '105|David Simmons|male|20231230', '105|David Simmons|male|20241230']"
109,Everett Vadala,male,2005-05-24,2005-05-24,2.0050524e+07,24052005,"[datetime.date(2005, 5, 24), datetime.date(2006, 5, 24), datetime.date(2007, 5, 24), datetime.date(2008, 5, 24), datetime.date(2009, 5, 24), datetime.date(2010, 5, 24), datetime.date(2011, 5, 24), datetime.date(2012, 5, 24), datetime.date(2013, 5, 24), datetime.date(2014, 5, 24), datetime.date(2015, 5, 24), datetime.date(2016, 5, 24), datetime.date(2017, 5, 24), datetime.date(2018, 5, 24), datetime.date(2019, 5, 24), datetime.date(2020, 5, 24), datetime.date(2021, 5, 24), datetime.date(2022, 5, 24), datetime.date(2023, 5, 24), datetime.date(2024, 5, 24), datetime.date(2025, 5, 24)]","['109|Everett Vadala|male|20050524', '109|Everett Vadala|male|20060524', '109|Everett Vadala|male|20070524', '109|Everett Vadala|male|20080524', '109|Everett Vadala|male|20090524', '109|Everett Vadala|male|20100524', '109|Everett Vadala|male|20110524', '109|Everett Vadala|male|20120524', '109|Everett Vadala|male|20130524', '109|Everett Vadala|male|20140524', '109|Everett Vadala|male|20150524', '109|Everett Vadala|male|20160524', '109|Everett Vadala|male|20170524', '109|Everett Vadala|male|20180524', '109|Everett Vadala|male|20190524', '109|Everett Vadala|male|20200524', '109|Everett Vadala|male|20210524', '109|Everett Vadala|male|20220524', '109|Everett Vadala|male|20230524', '109|Everett Vadala|male|20240524', '109|Everett Vadala|male|20250524']"
103,Joanna Moore,female,2017-03-10,2017-03-10,2.017031e+07,10032017,"[datetime.date(2017, 3, 10), datetime.date(2018, 3, 10), datetime.date(2019, 3, 10), datetime.date(2020, 3, 10), datetime.date(2021, 3, 10), datetime.date(2022, 3, 10), datetime.date(2023, 3, 10), datetime.date(2024, 3, 10), datetime.date(2025, 3, 10)]","['103|Joanna Moore|female|20170310', '103|Joanna Moore|female|20180310', '103|Joanna Moore|female|20190310', '103|Joanna Moore|female|20200310', '103|Joanna Moore|female|20210310', '103|Joanna Moore|female|20220310', '103|Joanna Moore|female|20230310', '103|Joanna Moore|female|20240310', '103|Joanna Moore|female|20250310']"
117,Florence Eberhart,female,2024-06-01,2024-06-01,2.02406e+07,1062024,"[datetime.date(2024, 6, 1), datetime.date(2025, 6, 1)]","['117|Florence Eberhart|female|20240601', '117|Florence Eberhart|female|20250601']"
104,Lisandra Ortiz,female,2020-08-05,2020-08-05,2.0200804e+07,5082020,"[datetime.date(2020, 8, 5), datetime.date(2021, 8, 5), datetime.date(2022, 8, 5), datetime.date(2023, 8, 5), datetime.date(2024, 8, 5)]","['104|Lisandra Ortiz|female|20200805', '104|Lisandra Ortiz|female|20210805', '104|Lisandra Ortiz|female|20220805', '104|Lisandra Ortiz|female|20230805', '104|Lisandra Ortiz|female|20240805']"
